query,video_id
thể thao,ERi9ApxJaF8
thể thao,v7oCnFzOs9I
thể thao,lc-yJ49hhO4
thể thao,O4ZetyrXjVI
thể thao,h6iDAwBIrFs
thể thao,fIN1QfmQAxs
thể thao,O36zTdeB_og
thể thao,YMzk199OrsQ
thể thao,ERi9ApxJaF8
thể thao,v7oCnFzOs9I
thể thao,lc-yJ49hhO4
thể thao,wZ5gcssu-Is
thể thao,6MH6CAurYwo
thể thao,tpjGvtbc_pE
thể thao,O36zTdeB_og
thể thao,YMzk199OrsQ
ca nhạc,8epSdd1D9Ko
ca nhạc,zSosSaQE8ik
ca nhạc,ifTB5AJDUl8
ca nhạc,1I3wl54McH4
ca nhạc,3PK3B8Ua1rA
ca nhạc,EHFJRJ5fvBM
ca nhạc,XxrrOKr-D2A
ca nhạc,itw1bmP2pgU
ca nhạc,Afk2SPPTDs0
ca nhạc,RcWluC13keI
phim hành động,zLADjDS6BF0
phim hành động,DruJ2Hi2haw
phim hành động,8RxIA5etFEQ
phim hành động,KyKo2fropY8
phim hành động,FcrSwDJzvqk
phim hành động,IeDSm4XJOTE
phim hành động,TFy2QvxXwNI
phim hành động,NHd_swGLXIg
phim hành động,vyOyuwCmec8
phim hành động,zLADjDS6BF0
phim hành động,DruJ2Hi2haw
phim hành động,8RxIA5etFEQ
phim hành động,KyKo2fropY8
phim hành động,gjGIh1kIzKQ
phim hành động,FcrSwDJzvqk
phim hành động,IeDSm4XJOTE
phim hành động,NHd_swGLXIg
phim hành động,FT8snmsrM2I
phim hành động,zLADjDS6BF0
phim hành động,DruJ2Hi2haw
phim hành động,8RxIA5etFEQ
phim hành động,KyKo2fropY8
phim hành động,IeDSm4XJOTE
phim hành động,TFy2QvxXwNI
phim hành động,vyOyuwCmec8
phim hành động,NHd_swGLXIg
phim hành động,dX3V3bhA3b0
,WM2A-pPH7KE
,RCovy3rw-Ww
nhạc châu khải phong,oa8Zz2JPqto
nhạc châu khải phong,LZ4L4PrljHs
nhạc châu khải phong,5oIr3ubLJ78
nhạc châu khải phong,-WjrepVihtY
nhạc châu khải phong,nlCnNGp2zSQ
nhạc châu khải phong,SItFPrgEITM
nhạc châu khải phong,0wtTZYTD8-I
nhạc châu khải phong,xxd2R5vwG1I
nhạc châu khải phong,BMt8BwsQWk0
bóng đá,pO7rHtiAwnU
bóng đá,GjKpUIWjybk
bóng đá,6MH6CAurYwo
bóng đá,46b2z5wiJGU
bóng đá,UCmuZBZ7GJc
bóng đá,Y7BEobv65dM
bóng đá,E6SIbnRAfkg
bóng đá,-8P1pwubmyk
bóng đá,-56EcyPv3YQ
bóng đá,aQ8xLYuj4pE
bóng đá,pO7rHtiAwnU
bóng đá,GjKpUIWjybk
bóng đá,6MH6CAurYwo
bóng đá,46b2z5wiJGU
bóng đá,Y7BEobv65dM
bóng đá,E6SIbnRAfkg
bóng đá,-8P1pwubmyk
bóng đá,odLoi8L-2ic
bóng đá,-56EcyPv3YQ
bóng đá,fuevvC0WnxQ
bóng đá,pO7rHtiAwnU
bóng đá,GjKpUIWjybk
bóng đá,6MH6CAurYwo
bóng đá,46b2z5wiJGU
bóng đá,E6SIbnRAfkg
bóng đá,-8P1pwubmyk
bóng đá,odLoi8L-2ic
bóng đá,aQ8xLYuj4pE
bóng đá,-56EcyPv3YQ
bóng đá,fuevvC0WnxQ
bóng đá,pO7rHtiAwnU
bóng đá,GjKpUIWjybk
bóng đá,6MH6CAurYwo
bóng đá,46b2z5wiJGU
bóng đá,E6SIbnRAfkg
bóng đá,-8P1pwubmyk
bóng đá,odLoi8L-2ic
bóng đá,aQ8xLYuj4pE
bóng đá,-56EcyPv3YQ
bóng đá,fuevvC0WnxQ
nhạc châu khải phong,oa8Zz2JPqto
nhạc châu khải phong,LZ4L4PrljHs
nhạc châu khải phong,5oIr3ubLJ78
nhạc châu khải phong,-WjrepVihtY
nhạc châu khải phong,nlCnNGp2zSQ
nhạc châu khải phong,SItFPrgEITM
nhạc châu khải phong,0wtTZYTD8-I
nhạc châu khải phong,xxd2R5vwG1I
nhạc châu khải phong,BMt8BwsQWk0
fc online,4BVg-fQsZMI
fc online,CiTW-aGoXCQ
fc online,GXRjWNBVZ5s
fc online,oCQd1mRqz2E
fc online,A7w1u6EStfE
fc online,WA4sRhG-fSU
fc online,qzsFti5ih54
fc online,VVHJsUiNnUQ
nhạc châu khải phong,oa8Zz2JPqto
nhạc châu khải phong,LZ4L4PrljHs
nhạc châu khải phong,5oIr3ubLJ78
nhạc châu khải phong,-WjrepVihtY
nhạc châu khải phong,nlCnNGp2zSQ
nhạc châu khải phong,SItFPrgEITM
nhạc châu khải phong,0wtTZYTD8-I
nhạc châu khải phong,xxd2R5vwG1I
nhạc châu khải phong,BMt8BwsQWk0
bóng đá,pO7rHtiAwnU
bóng đá,GjKpUIWjybk
bóng đá,6MH6CAurYwo
bóng đá,46b2z5wiJGU
bóng đá,Y7BEobv65dM
bóng đá,E6SIbnRAfkg
bóng đá,-8P1pwubmyk
bóng đá,UCmuZBZ7GJc
bóng đá,-56EcyPv3YQ
bóng đá,aQ8xLYuj4pE
fc online,4BVg-fQsZMI
fc online,HCrfRXUrDso
fc online,CiTW-aGoXCQ
fc online,GXRjWNBVZ5s
fc online,oCQd1mRqz2E
fc online,A7w1u6EStfE
fc online,DksBU5HgALU
fc online,zic1aEaFvBA
bóng đá,pO7rHtiAwnU
bóng đá,lEJZoozBFSE
bóng đá,6MH6CAurYwo
bóng đá,GjKpUIWjybk
bóng đá,46b2z5wiJGU
bóng đá,E6SIbnRAfkg
bóng đá,Y7BEobv65dM
bóng đá,UCmuZBZ7GJc
bóng đá,-56EcyPv3YQ
bóng đá,rXtkSnj2NRI
bóng đá,pO7rHtiAwnU
bóng đá,lEJZoozBFSE
bóng đá,GjKpUIWjybk
bóng đá,6MH6CAurYwo
bóng đá,46b2z5wiJGU
bóng đá,E6SIbnRAfkg
bóng đá,UCmuZBZ7GJc
bóng đá,rXtkSnj2NRI
bóng đá,-56EcyPv3YQ
bóng đá,-8P1pwubmyk
bóng đá,6MH6CAurYwo
bóng đá,GjKpUIWjybk
bóng đá,46b2z5wiJGU
bóng đá,Y7BEobv65dM
bóng đá,UCmuZBZ7GJc
bóng đá,odLoi8L-2ic
bóng đá,aQ8xLYuj4pE
bóng đá,rXtkSnj2NRI
bóng đá,-56EcyPv3YQ
bóng đá,jcgQLW55erw
bóng đá,pO7rHtiAwnU
bóng đá,lEJZoozBFSE
bóng đá,GjKpUIWjybk
bóng đá,6MH6CAurYwo
bóng đá,46b2z5wiJGU
bóng đá,E6SIbnRAfkg
bóng đá,UCmuZBZ7GJc
bóng đá,rXtkSnj2NRI
bóng đá,-56EcyPv3YQ
bóng đá,-8P1pwubmyk
bóng đá,pO7rHtiAwnU
bóng đá,lEJZoozBFSE
bóng đá,GjKpUIWjybk
bóng đá,6MH6CAurYwo
bóng đá,46b2z5wiJGU
bóng đá,E6SIbnRAfkg
bóng đá,UCmuZBZ7GJc
bóng đá,rXtkSnj2NRI
bóng đá,-56EcyPv3YQ
bóng đá,-8P1pwubmyk
nhạc châu khải phong,oa8Zz2JPqto
nhạc châu khải phong,LZ4L4PrljHs
nhạc châu khải phong,5oIr3ubLJ78
nhạc châu khải phong,-WjrepVihtY
nhạc châu khải phong,nlCnNGp2zSQ
nhạc châu khải phong,SItFPrgEITM
nhạc châu khải phong,0wtTZYTD8-I
nhạc châu khải phong,xxd2R5vwG1I
nhạc châu khải phong,BMt8BwsQWk0
nhạc châu khải phong,oa8Zz2JPqto
nhạc châu khải phong,LZ4L4PrljHs
nhạc châu khải phong,5oIr3ubLJ78
nhạc châu khải phong,-WjrepVihtY
nhạc châu khải phong,nlCnNGp2zSQ
nhạc châu khải phong,SItFPrgEITM
nhạc châu khải phong,xxd2R5vwG1I
nhạc châu khải phong,0wtTZYTD8-I
nhạc châu khải phong,BMt8BwsQWk0
nhạc châu khải phong,oa8Zz2JPqto
nhạc châu khải phong,LZ4L4PrljHs
nhạc châu khải phong,5oIr3ubLJ78
nhạc châu khải phong,-WjrepVihtY
nhạc châu khải phong,nlCnNGp2zSQ
nhạc châu khải phong,SItFPrgEITM
nhạc châu khải phong,0wtTZYTD8-I
nhạc châu khải phong,xxd2R5vwG1I
nhạc châu khải phong,BMt8BwsQWk0
fc online,4BVg-fQsZMI
fc online,HCrfRXUrDso
fc online,CiTW-aGoXCQ
fc online,GXRjWNBVZ5s
fc online,oCQd1mRqz2E
fc online,A7w1u6EStfE
fc online,DksBU5HgALU
fc online,zic1aEaFvBA
fc online,4BVg-fQsZMI
fc online,HCrfRXUrDso
fc online,CiTW-aGoXCQ
fc online,GXRjWNBVZ5s
fc online,oCQd1mRqz2E
fc online,A7w1u6EStfE
fc online,zic1aEaFvBA
fc online,VVHJsUiNnUQ
mộng hoa sim,Da9NpDAtElE
mộng hoa sim,6DRaw1nGCkg
mộng hoa sim,3OeEinNn--E
mộng hoa sim,NoU2wT0eoas
mộng hoa sim,Io2LT2URZ8Y
mộng hoa sim,zxvYQDEpPeI
mộng hoa sim,Q94-C6UCnqo
mộng hoa sim,TfPTY6Q83Bw
mộng hoa sim,zQzUBGZs6TQ
mộng hoa sim,5eeIdC0ayLw
bóng đá,GjKpUIWjybk
bóng đá,pO7rHtiAwnU
bóng đá,6MH6CAurYwo
bóng đá,46b2z5wiJGU
bóng đá,UCmuZBZ7GJc
bóng đá,Y7BEobv65dM
bóng đá,-8P1pwubmyk
bóng đá,rXtkSnj2NRI
bóng đá,-56EcyPv3YQ
bóng đá,odLoi8L-2ic
bóng đá,pO7rHtiAwnU
bóng đá,6MH6CAurYwo
bóng đá,GjKpUIWjybk
bóng đá,46b2z5wiJGU
bóng đá,kEJxCO6alDA
bóng đá,Y7BEobv65dM
bóng đá,UCmuZBZ7GJc
bóng đá,aQ8xLYuj4pE
bóng đá,9IC-cwDkWnM
bóng đá,bLFXLAdEKzw
bóng đá,pO7rHtiAwnU
bóng đá,lEJZoozBFSE
bóng đá,GjKpUIWjybk
bóng đá,6MH6CAurYwo
bóng đá,46b2z5wiJGU
bóng đá,E6SIbnRAfkg
bóng đá,UCmuZBZ7GJc
bóng đá,Y7BEobv65dM
bóng đá,-56EcyPv3YQ
bóng đá,rXtkSnj2NRI
bóng đá,lEJZoozBFSE
bóng đá,GjKpUIWjybk
bóng đá,pO7rHtiAwnU
bóng đá,6MH6CAurYwo
bóng đá,46b2z5wiJGU
bóng đá,E6SIbnRAfkg
bóng đá,UCmuZBZ7GJc
bóng đá,Y7BEobv65dM
bóng đá,-56EcyPv3YQ
bóng đá,-8P1pwubmyk
bóng đá,lEJZoozBFSE
bóng đá,pO7rHtiAwnU
bóng đá,GjKpUIWjybk
bóng đá,6MH6CAurYwo
bóng đá,46b2z5wiJGU
bóng đá,E6SIbnRAfkg
bóng đá,UCmuZBZ7GJc
bóng đá,Y7BEobv65dM
bóng đá,-56EcyPv3YQ
bóng đá,-8P1pwubmyk
bóng đá,pO7rHtiAwnU
bóng đá,6MH6CAurYwo
bóng đá,GjKpUIWjybk
bóng đá,46b2z5wiJGU
bóng đá,Y7BEobv65dM
bóng đá,UCmuZBZ7GJc
bóng đá,aQ8xLYuj4pE
bóng đá,rXtkSnj2NRI
bóng đá,-56EcyPv3YQ
bóng đá,lEJZoozBFSE
bóng đá,GjKpUIWjybk
bóng đá,pO7rHtiAwnU
bóng đá,6MH6CAurYwo
bóng đá,46b2z5wiJGU
bóng đá,UCmuZBZ7GJc
bóng đá,Y7BEobv65dM
bóng đá,-8P1pwubmyk
bóng đá,rXtkSnj2NRI
bóng đá,-56EcyPv3YQ
bóng đá,odLoi8L-2ic
bóng đá,lEJZoozBFSE
bóng đá,pO7rHtiAwnU
bóng đá,GjKpUIWjybk
bóng đá,6MH6CAurYwo
bóng đá,46b2z5wiJGU
bóng đá,E6SIbnRAfkg
bóng đá,UCmuZBZ7GJc
bóng đá,Y7BEobv65dM
bóng đá,-56EcyPv3YQ
bóng đá,-8P1pwubmyk
bóng đá,lEJZoozBFSE
bóng đá,pO7rHtiAwnU
bóng đá,6MH6CAurYwo
bóng đá,GjKpUIWjybk
bóng đá,E6SIbnRAfkg
bóng đá,Y7BEobv65dM
bóng đá,46b2z5wiJGU
bóng đá,UCmuZBZ7GJc
bóng đá,-56EcyPv3YQ
bóng đá,aQ8xLYuj4pE
bóng đá,lEJZoozBFSE
bóng đá,pO7rHtiAwnU
bóng đá,6MH6CAurYwo
bóng đá,GjKpUIWjybk
bóng đá,E6SIbnRAfkg
bóng đá,Y7BEobv65dM
bóng đá,46b2z5wiJGU
bóng đá,UCmuZBZ7GJc
bóng đá,-56EcyPv3YQ
bóng đá,AWxNKQaioRo
bóng đá,lEJZoozBFSE
bóng đá,pO7rHtiAwnU
bóng đá,6MH6CAurYwo
bóng đá,GjKpUIWjybk
bóng đá,E6SIbnRAfkg
bóng đá,46b2z5wiJGU
bóng đá,Y7BEobv65dM
bóng đá,UCmuZBZ7GJc
bóng đá,-56EcyPv3YQ
bóng đá,aQ8xLYuj4pE
bóng đá,lEJZoozBFSE
bóng đá,pO7rHtiAwnU
bóng đá,GjKpUIWjybk
bóng đá,6MH6CAurYwo
bóng đá,46b2z5wiJGU
bóng đá,E6SIbnRAfkg
bóng đá,UCmuZBZ7GJc
bóng đá,Y7BEobv65dM
bóng đá,-56EcyPv3YQ
bóng đá,-8P1pwubmyk
nhạc châu khải phong,oa8Zz2JPqto
nhạc châu khải phong,LZ4L4PrljHs
nhạc châu khải phong,5oIr3ubLJ78
nhạc châu khải phong,-WjrepVihtY
nhạc châu khải phong,nlCnNGp2zSQ
nhạc châu khải phong,SItFPrgEITM
nhạc châu khải phong,0wtTZYTD8-I
nhạc châu khải phong,xxd2R5vwG1I
nhạc châu khải phong,BMt8BwsQWk0
bóng đá,lEJZoozBFSE
bóng đá,pO7rHtiAwnU
bóng đá,GjKpUIWjybk
bóng đá,6MH6CAurYwo
bóng đá,E6SIbnRAfkg
bóng đá,UCmuZBZ7GJc
bóng đá,Y7BEobv65dM
bóng đá,-8P1pwubmyk
bóng đá,-56EcyPv3YQ
bóng đá,rXtkSnj2NRI
bóng đá,GjKpUIWjybk
bóng đá,pO7rHtiAwnU
bóng đá,6MH6CAurYwo
bóng đá,lEJZoozBFSE
bóng đá,UCmuZBZ7GJc
bóng đá,Y7BEobv65dM
bóng đá,-8P1pwubmyk
bóng đá,rXtkSnj2NRI
bóng đá,-56EcyPv3YQ
bóng đá,5VgIhXUySX4
bóng đá,lEJZoozBFSE
bóng đá,pO7rHtiAwnU
bóng đá,6MH6CAurYwo
bóng đá,GjKpUIWjybk
bóng đá,E6SIbnRAfkg
bóng đá,Y7BEobv65dM
bóng đá,46b2z5wiJGU
bóng đá,UCmuZBZ7GJc
bóng đá,-56EcyPv3YQ
bóng đá,aQ8xLYuj4pE
bóng đá,lEJZoozBFSE
bóng đá,pO7rHtiAwnU
bóng đá,GjKpUIWjybk
bóng đá,6MH6CAurYwo
bóng đá,46b2z5wiJGU
bóng đá,E6SIbnRAfkg
bóng đá,UCmuZBZ7GJc
bóng đá,Y7BEobv65dM
bóng đá,-56EcyPv3YQ
bóng đá,-8P1pwubmyk
bóng đá,lEJZoozBFSE
bóng đá,pO7rHtiAwnU
bóng đá,GjKpUIWjybk
bóng đá,6MH6CAurYwo
bóng đá,46b2z5wiJGU
bóng đá,-8P1pwubmyk
bóng đá,E6SIbnRAfkg
bóng đá,rXtkSnj2NRI
bóng đá,-56EcyPv3YQ
bóng đá,odLoi8L-2ic
bóng đá,lEJZoozBFSE
bóng đá,pO7rHtiAwnU
bóng đá,GjKpUIWjybk
bóng đá,6MH6CAurYwo
bóng đá,46b2z5wiJGU
bóng đá,AWxNKQaioRo
bóng đá,E6SIbnRAfkg
bóng đá,Y7BEobv65dM
bóng đá,-56EcyPv3YQ
bóng đá,-8P1pwubmyk
bóng đá,lEJZoozBFSE
bóng đá,pO7rHtiAwnU
bóng đá,GjKpUIWjybk
bóng đá,6MH6CAurYwo
bóng đá,46b2z5wiJGU
bóng đá,AWxNKQaioRo
bóng đá,E6SIbnRAfkg
bóng đá,Y7BEobv65dM
bóng đá,-56EcyPv3YQ
bóng đá,rXtkSnj2NRI
bóng đá,lEJZoozBFSE
bóng đá,pO7rHtiAwnU
bóng đá,6MH6CAurYwo
bóng đá,46b2z5wiJGU
bóng đá,AWxNKQaioRo
bóng đá,Y7BEobv65dM
bóng đá,E6SIbnRAfkg
bóng đá,rXtkSnj2NRI
bóng đá,-56EcyPv3YQ
bóng đá,-8P1pwubmyk
bóng đá,lEJZoozBFSE
bóng đá,pO7rHtiAwnU
bóng đá,GjKpUIWjybk
bóng đá,46b2z5wiJGU
bóng đá,6MH6CAurYwo
bóng đá,-8P1pwubmyk
bóng đá,E6SIbnRAfkg
bóng đá,odLoi8L-2ic
bóng đá,-56EcyPv3YQ
bóng đá,Y7BEobv65dM
nhạc châu khải phong,oa8Zz2JPqto
nhạc châu khải phong,LZ4L4PrljHs
nhạc châu khải phong,5oIr3ubLJ78
nhạc châu khải phong,-WjrepVihtY
nhạc châu khải phong,nlCnNGp2zSQ
nhạc châu khải phong,SItFPrgEITM
nhạc châu khải phong,0wtTZYTD8-I
nhạc châu khải phong,xxd2R5vwG1I
nhạc châu khải phong,H1zhjmIyqwY
nhạc châu khải phong,oa8Zz2JPqto
nhạc châu khải phong,LZ4L4PrljHs
nhạc châu khải phong,5oIr3ubLJ78
nhạc châu khải phong,-WjrepVihtY
nhạc châu khải phong,nlCnNGp2zSQ
nhạc châu khải phong,SItFPrgEITM
nhạc châu khải phong,0wtTZYTD8-I
nhạc châu khải phong,xxd2R5vwG1I
nhạc châu khải phong,H1zhjmIyqwY
nhạc châu khải phong,oa8Zz2JPqto
nhạc châu khải phong,LZ4L4PrljHs
nhạc châu khải phong,5oIr3ubLJ78
nhạc châu khải phong,-WjrepVihtY
nhạc châu khải phong,nlCnNGp2zSQ
nhạc châu khải phong,SItFPrgEITM
nhạc châu khải phong,0wtTZYTD8-I
nhạc châu khải phong,xxd2R5vwG1I
nhạc châu khải phong,H1zhjmIyqwY
nhạc châu khải phong,oa8Zz2JPqto
nhạc châu khải phong,LZ4L4PrljHs
nhạc châu khải phong,5oIr3ubLJ78
nhạc châu khải phong,-WjrepVihtY
nhạc châu khải phong,nlCnNGp2zSQ
nhạc châu khải phong,SItFPrgEITM
nhạc châu khải phong,0wtTZYTD8-I
nhạc châu khải phong,xxd2R5vwG1I
nhạc châu khải phong,H1zhjmIyqwY
nhạc châu khải phong,oa8Zz2JPqto
nhạc châu khải phong,LZ4L4PrljHs
nhạc châu khải phong,5oIr3ubLJ78
nhạc châu khải phong,-WjrepVihtY
nhạc châu khải phong,nlCnNGp2zSQ
nhạc châu khải phong,SItFPrgEITM
nhạc châu khải phong,0wtTZYTD8-I
nhạc châu khải phong,xxd2R5vwG1I
nhạc châu khải phong,H1zhjmIyqwY
thể thao,ERi9ApxJaF8
thể thao,v7oCnFzOs9I
thể thao,lc-yJ49hhO4
thể thao,d47IgF9fPoM
thể thao,wZ5gcssu-Is
thể thao,tpjGvtbc_pE
thể thao,O36zTdeB_og
thể thao,YMzk199OrsQ
thể thao,lEJZoozBFSE
thể thao,ERi9ApxJaF8
thể thao,v7oCnFzOs9I
thể thao,lc-yJ49hhO4
thể thao,d47IgF9fPoM
thể thao,wZ5gcssu-Is
thể thao,O36zTdeB_og
thể thao,tpjGvtbc_pE
mộng hoa sim,Da9NpDAtElE
mộng hoa sim,6DRaw1nGCkg
mộng hoa sim,3OeEinNn--E
mộng hoa sim,NoU2wT0eoas
mộng hoa sim,Io2LT2URZ8Y
mộng hoa sim,zxvYQDEpPeI
mộng hoa sim,Q94-C6UCnqo
mộng hoa sim,TfPTY6Q83Bw
mộng hoa sim,zQzUBGZs6TQ
mộng hoa sim,5eeIdC0ayLw
nhạc châu khải phong,oa8Zz2JPqto
nhạc châu khải phong,LZ4L4PrljHs
nhạc châu khải phong,5oIr3ubLJ78
nhạc châu khải phong,-WjrepVihtY
nhạc châu khải phong,nlCnNGp2zSQ
nhạc châu khải phong,SItFPrgEITM
nhạc châu khải phong,0wtTZYTD8-I
nhạc châu khải phong,xxd2R5vwG1I
nhạc châu khải phong,H1zhjmIyqwY
nhạc châu khải phong,oa8Zz2JPqto
nhạc châu khải phong,LZ4L4PrljHs
nhạc châu khải phong,5oIr3ubLJ78
nhạc châu khải phong,-WjrepVihtY
nhạc châu khải phong,nlCnNGp2zSQ
nhạc châu khải phong,SItFPrgEITM
nhạc châu khải phong,0wtTZYTD8-I
nhạc châu khải phong,xxd2R5vwG1I
nhạc châu khải phong,H1zhjmIyqwY
thể thao,lEJZoozBFSE
thể thao,ERi9ApxJaF8
thể thao,v7oCnFzOs9I
thể thao,lc-yJ49hhO4
thể thao,d47IgF9fPoM
thể thao,wZ5gcssu-Is
thể thao,O36zTdeB_og
thể thao,tpjGvtbc_pE
bóng đá,Glw2_kIN-wE
bóng đá,GjKpUIWjybk
bóng đá,6MH6CAurYwo
bóng đá,Y7BEobv65dM
bóng đá,46b2z5wiJGU
bóng đá,aQ8xLYuj4pE
bóng đá,bLFXLAdEKzw
bóng đá,oVyshdXNgSs
bóng đá,-56EcyPv3YQ
bóng đá,CcAbFIk-hqo
bóng đá,Glw2_kIN-wE
bóng đá,6MH6CAurYwo
bóng đá,46b2z5wiJGU
bóng đá,Y7BEobv65dM
bóng đá,aQ8xLYuj4pE
bóng đá,rXtkSnj2NRI
bóng đá,-8P1pwubmyk
bóng đá,bLFXLAdEKzw
bóng đá,-56EcyPv3YQ
bóng đá,oVyshdXNgSs
nhạc châu khải phong,oa8Zz2JPqto
nhạc châu khải phong,LZ4L4PrljHs
nhạc châu khải phong,5oIr3ubLJ78
nhạc châu khải phong,-WjrepVihtY
nhạc châu khải phong,nlCnNGp2zSQ
nhạc châu khải phong,SItFPrgEITM
nhạc châu khải phong,0wtTZYTD8-I
nhạc châu khải phong,xxd2R5vwG1I
nhạc châu khải phong,H1zhjmIyqwY
bóng đá,Glw2_kIN-wE
bóng đá,GjKpUIWjybk
bóng đá,6MH6CAurYwo
bóng đá,46b2z5wiJGU
bóng đá,-8P1pwubmyk
bóng đá,5VgIhXUySX4
bóng đá,odLoi8L-2ic
bóng đá,rXtkSnj2NRI
bóng đá,-56EcyPv3YQ
bóng đá,oVyshdXNgSs
bóng đá,Glw2_kIN-wE
bóng đá,GjKpUIWjybk
bóng đá,6MH6CAurYwo
bóng đá,46b2z5wiJGU
bóng đá,Y7BEobv65dM
bóng đá,rXtkSnj2NRI
bóng đá,-8P1pwubmyk
bóng đá,oVyshdXNgSs
bóng đá,-56EcyPv3YQ
bóng đá,odLoi8L-2ic
bóng đá,Glw2_kIN-wE
bóng đá,GjKpUIWjybk
bóng đá,6MH6CAurYwo
bóng đá,46b2z5wiJGU
bóng đá,Y7BEobv65dM
bóng đá,rXtkSnj2NRI
bóng đá,-8P1pwubmyk
bóng đá,oVyshdXNgSs
bóng đá,-56EcyPv3YQ
bóng đá,odLoi8L-2ic
bóng đá,Glw2_kIN-wE
bóng đá,GjKpUIWjybk
bóng đá,6MH6CAurYwo
bóng đá,Y7BEobv65dM
bóng đá,46b2z5wiJGU
bóng đá,oVyshdXNgSs
bóng đá,aQ8xLYuj4pE
bóng đá,rXtkSnj2NRI
bóng đá,-56EcyPv3YQ
bóng đá,odLoi8L-2ic
bóng đá,Glw2_kIN-wE
bóng đá,GjKpUIWjybk
bóng đá,Glw2_kIN-wE
bóng đá,6MH6CAurYwo
bóng đá,GjKpUIWjybk
bóng đá,46b2z5wiJGU
bóng đá,6MH6CAurYwo
bóng đá,Y7BEobv65dM
bóng đá,46b2z5wiJGU
bóng đá,rXtkSnj2NRI
bóng đá,Y7BEobv65dM
bóng đá,-8P1pwubmyk
bóng đá,oVyshdXNgSs
bóng đá,rXtkSnj2NRI
bóng đá,-56EcyPv3YQ
bóng đá,-8P1pwubmyk
bóng đá,oVyshdXNgSs
bóng đá,-56EcyPv3YQ
bóng đá,odLoi8L-2ic
bóng đá,odLoi8L-2ic
bóng đá,Glw2_kIN-wE
bóng đá,GjKpUIWjybk
bóng đá,6MH6CAurYwo
bóng đá,46b2z5wiJGU
bóng đá,Y7BEobv65dM
bóng đá,aQ8xLYuj4pE
bóng đá,oVyshdXNgSs
bóng đá,bLFXLAdEKzw
bóng đá,9IC-cwDkWnM
bóng đá,odLoi8L-2ic
bóng đá,Glw2_kIN-wE
bóng đá,GjKpUIWjybk
bóng đá,6MH6CAurYwo
bóng đá,46b2z5wiJGU
bóng đá,Y7BEobv65dM
bóng đá,rXtkSnj2NRI
bóng đá,-8P1pwubmyk
bóng đá,oVyshdXNgSs
bóng đá,-56EcyPv3YQ
bóng đá,odLoi8L-2ic
bóng đá,Glw2_kIN-wE
bóng đá,GjKpUIWjybk
bóng đá,6MH6CAurYwo
bóng đá,46b2z5wiJGU
bóng đá,Y7BEobv65dM
bóng đá,rXtkSnj2NRI
bóng đá,-8P1pwubmyk
bóng đá,oVyshdXNgSs
bóng đá,-56EcyPv3YQ
bóng đá,odLoi8L-2ic
bóng đá,Glw2_kIN-wE
bóng đá,oVyshdXNgSs
bóng đá,6MH6CAurYwo
bóng đá,46b2z5wiJGU
bóng đá,Y7BEobv65dM
bóng đá,rXtkSnj2NRI
bóng đá,-8P1pwubmyk
bóng đá,AWxNKQaioRo
bóng đá,-56EcyPv3YQ
bóng đá,aQ8xLYuj4pE
bóng đá,Glw2_kIN-wE
bóng đá,GjKpUIWjybk
bóng đá,6MH6CAurYwo
bóng đá,46b2z5wiJGU
bóng đá,Y7BEobv65dM
bóng đá,rXtkSnj2NRI
bóng đá,-8P1pwubmyk
bóng đá,oVyshdXNgSs
bóng đá,-56EcyPv3YQ
bóng đá,odLoi8L-2ic
bóng đá,Glw2_kIN-wE
bóng đá,GjKpUIWjybk
bóng đá,6MH6CAurYwo
bóng đá,46b2z5wiJGU
bóng đá,Y7BEobv65dM
bóng đá,rXtkSnj2NRI
bóng đá,-8P1pwubmyk
bóng đá,oVyshdXNgSs
bóng đá,-56EcyPv3YQ
bóng đá,odLoi8L-2ic
mộng hoa sim,Da9NpDAtElE
mộng hoa sim,6DRaw1nGCkg
mộng hoa sim,3OeEinNn--E
mộng hoa sim,NoU2wT0eoas
mộng hoa sim,Io2LT2URZ8Y
mộng hoa sim,zxvYQDEpPeI
mộng hoa sim,Q94-C6UCnqo
mộng hoa sim,TfPTY6Q83Bw
mộng hoa sim,zQzUBGZs6TQ
mộng hoa sim,5eeIdC0ayLw
bóng đá,Glw2_kIN-wE
bóng đá,GjKpUIWjybk
bóng đá,6MH6CAurYwo
bóng đá,46b2z5wiJGU
bóng đá,Y7BEobv65dM
bóng đá,rXtkSnj2NRI
bóng đá,-8P1pwubmyk
bóng đá,oVyshdXNgSs
bóng đá,-56EcyPv3YQ
bóng đá,aQ8xLYuj4pE
bóng đá,Glw2_kIN-wE
bóng đá,GjKpUIWjybk
bóng đá,6MH6CAurYwo
bóng đá,46b2z5wiJGU
bóng đá,oVyshdXNgSs
bóng đá,aQ8xLYuj4pE
bóng đá,TbTV2wbBFC0
bóng đá,rXtkSnj2NRI
bóng đá,-56EcyPv3YQ
bóng đá,odLoi8L-2ic
bóng đá,GjKpUIWjybk
bóng đá,Glw2_kIN-wE
bóng đá,6MH6CAurYwo
bóng đá,46b2z5wiJGU
bóng đá,-8P1pwubmyk
bóng đá,odLoi8L-2ic
bóng đá,5VgIhXUySX4
bóng đá,oVyshdXNgSs
bóng đá,-56EcyPv3YQ
bóng đá,xS45rH_0Kpc
bóng đá,Glw2_kIN-wE
bóng đá,GjKpUIWjybk
bóng đá,6MH6CAurYwo
bóng đá,Y7BEobv65dM
bóng đá,46b2z5wiJGU
bóng đá,oVyshdXNgSs
bóng đá,xS45rH_0Kpc
bóng đá,aQ8xLYuj4pE
bóng đá,-56EcyPv3YQ
bóng đá,TbTV2wbBFC0
bóng đá,GjKpUIWjybk
bóng đá,Glw2_kIN-wE
bóng đá,6MH6CAurYwo
bóng đá,46b2z5wiJGU
bóng đá,Y7BEobv65dM
bóng đá,rXtkSnj2NRI
bóng đá,-8P1pwubmyk
bóng đá,oVyshdXNgSs
bóng đá,-56EcyPv3YQ
bóng đá,xS45rH_0Kpc
bóng đá,GjKpUIWjybk
bóng đá,Glw2_kIN-wE
bóng đá,6MH6CAurYwo
bóng đá,46b2z5wiJGU
bóng đá,rXtkSnj2NRI
bóng đá,-8P1pwubmyk
bóng đá,oVyshdXNgSs
bóng đá,xS45rH_0Kpc
bóng đá,-56EcyPv3YQ
bóng đá,TbTV2wbBFC0
bóng đá,B2FCTxfb_pI
bóng đá,GjKpUIWjybk
bóng đá,Y7BEobv65dM
bóng đá,6MH6CAurYwo
bóng đá,ltg7V1_uXic
bóng đá,pNPYZfTyCQ0
bóng đá,_AjhpPRty-Q
bóng đá,46b2z5wiJGU
bóng đá,f43wwX4H1wI
bóng đá,y-REqhL1YSs
bóng đá,B2FCTxfb_pI
bóng đá,GjKpUIWjybk
bóng đá,Y7BEobv65dM
bóng đá,6MH6CAurYwo
bóng đá,ltg7V1_uXic
bóng đá,_AjhpPRty-Q
bóng đá,pNPYZfTyCQ0
bóng đá,46b2z5wiJGU
bóng đá,f43wwX4H1wI
bóng đá,y-REqhL1YSs
fc online,4BVg-fQsZMI
fc online,Cnev9wRCq4k
fc online,GXRjWNBVZ5s
fc online,HCrfRXUrDso
fc online,oCQd1mRqz2E
fc online,eNLFmGQVSH8
fc online,ZNxd6FByssQ
fc online,A7w1u6EStfE
bóng đá,B2FCTxfb_pI
bóng đá,GjKpUIWjybk
bóng đá,Y7BEobv65dM
bóng đá,6MH6CAurYwo
bóng đá,ltg7V1_uXic
bóng đá,_AjhpPRty-Q
bóng đá,pNPYZfTyCQ0
bóng đá,46b2z5wiJGU
bóng đá,f43wwX4H1wI
bóng đá,y-REqhL1YSs
fc online,4BVg-fQsZMI
fc online,Cnev9wRCq4k
fc online,GXRjWNBVZ5s
fc online,HCrfRXUrDso
fc online,oCQd1mRqz2E
fc online,eNLFmGQVSH8
fc online,ZNxd6FByssQ
fc online,w9gbiaBX8pI
bóng đá,B2FCTxfb_pI
bóng đá,GjKpUIWjybk
bóng đá,Y7BEobv65dM
bóng đá,6MH6CAurYwo
bóng đá,ltg7V1_uXic
bóng đá,_AjhpPRty-Q
bóng đá,pNPYZfTyCQ0
bóng đá,46b2z5wiJGU
bóng đá,f43wwX4H1wI
bóng đá,y-REqhL1YSs
bóng đá,B2FCTxfb_pI
bóng đá,Y7BEobv65dM
bóng đá,6MH6CAurYwo
bóng đá,ltg7V1_uXic
bóng đá,_AjhpPRty-Q
bóng đá,pNPYZfTyCQ0
bóng đá,46b2z5wiJGU
bóng đá,y-REqhL1YSs
bóng đá,f43wwX4H1wI
bóng đá,oVyshdXNgSs
fc online,4BVg-fQsZMI
fc online,Cnev9wRCq4k
fc online,GXRjWNBVZ5s
fc online,HCrfRXUrDso
fc online,oCQd1mRqz2E
fc online,eNLFmGQVSH8
fc online,ZNxd6FByssQ
fc online,A7w1u6EStfE
bóng đá,B2FCTxfb_pI
bóng đá,GjKpUIWjybk
bóng đá,Y7BEobv65dM
bóng đá,6MH6CAurYwo
bóng đá,ltg7V1_uXic
bóng đá,_AjhpPRty-Q
bóng đá,pNPYZfTyCQ0
bóng đá,46b2z5wiJGU
bóng đá,f43wwX4H1wI
bóng đá,y-REqhL1YSs
nhạc trẻ,f54XP5mAzvM
nhạc trẻ,7XBuuHvCK8o
nhạc trẻ,M0pzd-GjOcs
nhạc trẻ,5qSx9gCBIw4
nhạc trẻ,1-uNvBSxAhc
nhạc trẻ,5hGMyKhLdMk
nhạc trẻ,WQm1xJlFDKI
nhạc trẻ,R-gRzDLnUoU
nhạc trẻ,Q-reA4IELM4
nhạc trẻ,wGd3pwTazvQ
bóng đá,B2FCTxfb_pI
bóng đá,GjKpUIWjybk
bóng đá,Y7BEobv65dM
bóng đá,6MH6CAurYwo
bóng đá,ltg7V1_uXic
bóng đá,pNPYZfTyCQ0
bóng đá,46b2z5wiJGU
bóng đá,_AjhpPRty-Q
bóng đá,f43wwX4H1wI
bóng đá,y-REqhL1YSs
nhạc trẻ,f54XP5mAzvM
nhạc trẻ,M0pzd-GjOcs
nhạc trẻ,5qSx9gCBIw4
nhạc trẻ,7XBuuHvCK8o
nhạc trẻ,1-uNvBSxAhc
nhạc trẻ,5hGMyKhLdMk
nhạc trẻ,WQm1xJlFDKI
nhạc trẻ,R-gRzDLnUoU
nhạc trẻ,fF5rPaQ0-eg
nhạc trẻ,Q-reA4IELM4
bóng đá,B2FCTxfb_pI
bóng đá,GjKpUIWjybk
bóng đá,Y7BEobv65dM
bóng đá,E6SIbnRAfkg
bóng đá,6MH6CAurYwo
bóng đá,ltg7V1_uXic
bóng đá,_AjhpPRty-Q
bóng đá,pNPYZfTyCQ0
bóng đá,f43wwX4H1wI
bóng đá,46b2z5wiJGU
bóng đá,nM9cUq3BFhA
bóng đá,ff77r8OycIk
bóng đá,TV75gAosirU
bóng đá,oEQgIPE8pEY
bóng đá,U0owUJo8dw4
bóng đá,pnbNq34AkgA
bóng đá,zEBxJ4mjdKg
bóng đá,CN42TEorrYU
bóng đá,wwkY-ee7D1c
bóng đá,EWVIcg-NTyY
bóng đá,nM9cUq3BFhA
bóng đá,ff77r8OycIk
bóng đá,U0owUJo8dw4
bóng đá,mC0zIdQZ4GA
bóng đá,EWVIcg-NTyY
bóng đá,TV75gAosirU
bóng đá,oEQgIPE8pEY
bóng đá,QDps7NGxABk
bóng đá,wwkY-ee7D1c
bóng đá,CN42TEorrYU
nhạc trẻ,1c0H6GdwhHI
nhạc trẻ,UZ0rsxTzb5s
nhạc trẻ,Cwzg5QgzYP8
nhạc trẻ,_VIJW4ezThA
nhạc trẻ,oPKrJvEVg30
nhạc trẻ,zirsewK-Z0Q
nhạc trẻ,AezxlFYprJ4
nhạc trẻ,rmvQfCErIR4
nhạc trẻ,jZEz2kqLgSI
nhạc trẻ,_a6rJdVdFF4
bóng đá,nM9cUq3BFhA
bóng đá,ff77r8OycIk
bóng đá,TV75gAosirU
bóng đá,oEQgIPE8pEY
bóng đá,U0owUJo8dw4
bóng đá,pnbNq34AkgA
bóng đá,CN42TEorrYU
bóng đá,EWVIcg-NTyY
bóng đá,wwkY-ee7D1c
bóng đá,563rrNUJUvo
bóng đá,nM9cUq3BFhA
bóng đá,ff77r8OycIk
bóng đá,TV75gAosirU
bóng đá,U0owUJo8dw4
bóng đá,pnbNq34AkgA
bóng đá,EWVIcg-NTyY
bóng đá,mC0zIdQZ4GA
bóng đá,oEQgIPE8pEY
bóng đá,wwkY-ee7D1c
bóng đá,563rrNUJUvo
bóng đá,nM9cUq3BFhA
bóng đá,ff77r8OycIk
bóng đá,TV75gAosirU
bóng đá,oEQgIPE8pEY
bóng đá,U0owUJo8dw4
bóng đá,pnbNq34AkgA
bóng đá,EWVIcg-NTyY
bóng đá,mC0zIdQZ4GA
bóng đá,wwkY-ee7D1c
bóng đá,563rrNUJUvo
bóng đá,nM9cUq3BFhA
bóng đá,ff77r8OycIk
bóng đá,TV75gAosirU
bóng đá,oEQgIPE8pEY
bóng đá,U0owUJo8dw4
bóng đá,pnbNq34AkgA
bóng đá,EWVIcg-NTyY
bóng đá,mC0zIdQZ4GA
bóng đá,wwkY-ee7D1c
bóng đá,563rrNUJUvo
bóng đá,nM9cUq3BFhA
bóng đá,ff77r8OycIk
bóng đá,TV75gAosirU
bóng đá,oEQgIPE8pEY
bóng đá,U0owUJo8dw4
bóng đá,pnbNq34AkgA
bóng đá,CN42TEorrYU
bóng đá,EWVIcg-NTyY
bóng đá,wwkY-ee7D1c
bóng đá,563rrNUJUvo
bóng đá,nM9cUq3BFhA
bóng đá,ff77r8OycIk
bóng đá,TV75gAosirU
bóng đá,oEQgIPE8pEY
bóng đá,U0owUJo8dw4
bóng đá,CN42TEorrYU
bóng đá,pnbNq34AkgA
bóng đá,zEBxJ4mjdKg
bóng đá,wwkY-ee7D1c
bóng đá,uEKsOukVnAw
fc online,zJ3qukHrDrc
fc online,SULgtYkpCNY
fc online,zwrZ9hfDcqc
fc online,x1fB1IEFh6M
fc online,uFxfo7A6j7w
fc online,aaP91gPC_LQ
fc online,zni5DdupWwc
fc online,huic01-05G8
bóng đá,nM9cUq3BFhA
bóng đá,ff77r8OycIk
bóng đá,U0owUJo8dw4
bóng đá,mC0zIdQZ4GA
bóng đá,EWVIcg-NTyY
bóng đá,TV75gAosirU
bóng đá,oEQgIPE8pEY
bóng đá,6MH6CAurYwo
bóng đá,wwkY-ee7D1c
bóng đá,CN42TEorrYU
bóng đá,nM9cUq3BFhA
bóng đá,ff77r8OycIk
bóng đá,TV75gAosirU
bóng đá,U0owUJo8dw4
bóng đá,pnbNq34AkgA
bóng đá,EWVIcg-NTyY
bóng đá,oEQgIPE8pEY
bóng đá,mC0zIdQZ4GA
bóng đá,563rrNUJUvo
bóng đá,CN42TEorrYU
bóng đá,nM9cUq3BFhA
bóng đá,ff77r8OycIk
bóng đá,TV75gAosirU
bóng đá,U0owUJo8dw4
bóng đá,pnbNq34AkgA
bóng đá,mC0zIdQZ4GA
bóng đá,563rrNUJUvo
bóng đá,EWVIcg-NTyY
bóng đá,XMmyprmMYv0
bóng đá,qAyJNvDxOI8
bóng đá,5RxybHM4AOE
bóng đá,2e0OUPKpFeM
bóng đá,Ecwr1olQIns
bóng đá,-HnHiGGV0OI
bóng đá,UUqXCSUs4Eo
bóng đá,QTo1g9XlR1E
bóng đá,2lmgg8aWQ6c
bóng đá,ZHVSuQ9ti_E
bóng đá,GDrA9Czzm0c
bóng đá,ff77r8OycIk
mộng hoa sim,Da9NpDAtElE
mộng hoa sim,6DRaw1nGCkg
mộng hoa sim,3OeEinNn--E
mộng hoa sim,Io2LT2URZ8Y
mộng hoa sim,NoU2wT0eoas
mộng hoa sim,zxvYQDEpPeI
mộng hoa sim,TfPTY6Q83Bw
mộng hoa sim,Q94-C6UCnqo
mộng hoa sim,UuNo82z1RM8
mộng hoa sim,5eeIdC0ayLw
bóng đá,5RxybHM4AOE
bóng đá,2e0OUPKpFeM
bóng đá,Ecwr1olQIns
bóng đá,-HnHiGGV0OI
bóng đá,UUqXCSUs4Eo
bóng đá,QTo1g9XlR1E
bóng đá,2lmgg8aWQ6c
bóng đá,ZHVSuQ9ti_E
bóng đá,GDrA9Czzm0c
bóng đá,ff77r8OycIk
bóng đá,2lmgg8aWQ6c
bóng đá,5RxybHM4AOE
bóng đá,UUqXCSUs4Eo
bóng đá,QTo1g9XlR1E
bóng đá,j1pUTBgtZiQ
bóng đá,-HnHiGGV0OI
bóng đá,QhvBrLoM76o
bóng đá,ff77r8OycIk
bóng đá,GDrA9Czzm0c
bóng đá,DlPPRrcM3M8
bóng đá,Ecwr1olQIns
bóng đá,5RxybHM4AOE
bóng đá,UUqXCSUs4Eo
bóng đá,2e0OUPKpFeM
bóng đá,QTo1g9XlR1E
bóng đá,j1pUTBgtZiQ
bóng đá,-HnHiGGV0OI
bóng đá,2lmgg8aWQ6c
bóng đá,QhvBrLoM76o
bóng đá,ff77r8OycIk
fc online,9K8ETn7Ulk8
fc online,OYoVwlZB-bA
fc online,2UcdbxRWc9Y
fc online,q9Vrk9t5-XQ
fc online,-88DkevzGiM
fc online,6NaHOj9hO6o
fc online,91F98tw4TxM
fc online,SULgtYkpCNY
fc online,9K8ETn7Ulk8
fc online,OYoVwlZB-bA
fc online,2UcdbxRWc9Y
fc online,q9Vrk9t5-XQ
fc online,-88DkevzGiM
fc online,6NaHOj9hO6o
fc online,91F98tw4TxM
fc online,GXRjWNBVZ5s
thể thao,6h7pTmAYKMY
thể thao,uEKsOukVnAw
thể thao,qi63paKC7HY
thể thao,vUJsNfC32ic
thể thao,VPbAXaQ20dM
thể thao,gUllBnd20aM
thể thao,7bwvQOTTnTk
thể thao,nWwqmTm0W8I
bóng đá,5RxybHM4AOE
bóng đá,Ecwr1olQIns
bóng đá,QTo1g9XlR1E
bóng đá,2lmgg8aWQ6c
bóng đá,ZHVSuQ9ti_E
bóng đá,-HnHiGGV0OI
bóng đá,ff77r8OycIk
bóng đá,j1pUTBgtZiQ
bóng đá,6rZNtVMtPWo
bóng đá,GDrA9Czzm0c
fc online,9K8ETn7Ulk8
fc online,aaP91gPC_LQ
fc online,uFxfo7A6j7w
fc online,6NaHOj9hO6o
fc online,yJVLdylrGWw
fc online,SULgtYkpCNY
fc online,OYoVwlZB-bA
fc online,GXRjWNBVZ5s
fc online,9K8ETn7Ulk8
fc online,OYoVwlZB-bA
fc online,2UcdbxRWc9Y
fc online,q9Vrk9t5-XQ
fc online,-88DkevzGiM
fc online,6NaHOj9hO6o
fc online,91F98tw4TxM
fc online,GXRjWNBVZ5s
nhạc trẻ,zrrstepWVcE
nhạc trẻ,t2ICYQHeCNA
nhạc trẻ,2O8lMThxn34
nhạc trẻ,QGR3mcn5M3s
nhạc trẻ,jYS0zYlZk4U
nhạc trẻ,xDn8ns9WNRo
nhạc trẻ,YGiR-15WaCA
nhạc trẻ,8lbrEAocZsE
nhạc trẻ,10OgfpYCjaI
nhạc trẻ,CRuF-c9W8K4
bóng đá,Ecwr1olQIns
bóng đá,2lmgg8aWQ6c
bóng đá,5RxybHM4AOE
bóng đá,2e0OUPKpFeM
bóng đá,6epcsY8L70Q
bóng đá,-HnHiGGV0OI
bóng đá,j1pUTBgtZiQ
bóng đá,QTo1g9XlR1E
bóng đá,ff77r8OycIk
bóng đá,ZHVSuQ9ti_E
bóng đá,Ecwr1olQIns
bóng đá,2lmgg8aWQ6c
bóng đá,5RxybHM4AOE
bóng đá,UUqXCSUs4Eo
bóng đá,2e0OUPKpFeM
bóng đá,6epcsY8L70Q
bóng đá,-HnHiGGV0OI
bóng đá,j1pUTBgtZiQ
bóng đá,QTo1g9XlR1E
bóng đá,ZHVSuQ9ti_E
bóng đá,5RxybHM4AOE
bóng đá,UUqXCSUs4Eo
bóng đá,QTo1g9XlR1E
bóng đá,2lmgg8aWQ6c
bóng đá,ff77r8OycIk
bóng đá,j1pUTBgtZiQ
bóng đá,6rZNtVMtPWo
bóng đá,6epcsY8L70Q
bóng đá,GDrA9Czzm0c
bóng đá,ZbjTOhN8cHk
bóng đá,5RxybHM4AOE
bóng đá,Ecwr1olQIns
bóng đá,2e0OUPKpFeM
bóng đá,6epcsY8L70Q
bóng đá,UUqXCSUs4Eo
bóng đá,-HnHiGGV0OI
bóng đá,2lmgg8aWQ6c
bóng đá,QTo1g9XlR1E
bóng đá,j1pUTBgtZiQ
bóng đá,ZHVSuQ9ti_E
bóng đá,Ecwr1olQIns
bóng đá,2lmgg8aWQ6c
bóng đá,5RxybHM4AOE
bóng đá,2e0OUPKpFeM
bóng đá,6epcsY8L70Q
bóng đá,-HnHiGGV0OI
bóng đá,j1pUTBgtZiQ
bóng đá,QTo1g9XlR1E
bóng đá,ff77r8OycIk
bóng đá,ZHVSuQ9ti_E
bóng đá,Ecwr1olQIns
bóng đá,2lmgg8aWQ6c
bóng đá,5RxybHM4AOE
bóng đá,2e0OUPKpFeM
bóng đá,6epcsY8L70Q
bóng đá,-HnHiGGV0OI
bóng đá,j1pUTBgtZiQ
bóng đá,QTo1g9XlR1E
bóng đá,ZHVSuQ9ti_E
bóng đá,6rZNtVMtPWo
bóng đá,5RxybHM4AOE
bóng đá,2lmgg8aWQ6c
bóng đá,UUqXCSUs4Eo
bóng đá,2e0OUPKpFeM
bóng đá,6epcsY8L70Q
bóng đá,-HnHiGGV0OI
bóng đá,QTo1g9XlR1E
bóng đá,ZHVSuQ9ti_E
bóng đá,6rZNtVMtPWo
bóng đá,GDrA9Czzm0c
bóng đá,Ecwr1olQIns
bóng đá,5RxybHM4AOE
bóng đá,UUqXCSUs4Eo
bóng đá,6epcsY8L70Q
bóng đá,-HnHiGGV0OI
bóng đá,2lmgg8aWQ6c
bóng đá,j1pUTBgtZiQ
bóng đá,QTo1g9XlR1E
bóng đá,ff77r8OycIk
bóng đá,6rZNtVMtPWo
bóng đá,5RxybHM4AOE
bóng đá,UUqXCSUs4Eo
bóng đá,QTo1g9XlR1E
bóng đá,j1pUTBgtZiQ
bóng đá,2lmgg8aWQ6c
bóng đá,2e0OUPKpFeM
bóng đá,ff77r8OycIk
bóng đá,6rZNtVMtPWo
bóng đá,4s-qyBMULH4
bóng đá,GDrA9Czzm0c
bóng đá,5RxybHM4AOE
bóng đá,Ecwr1olQIns
bóng đá,UUqXCSUs4Eo
bóng đá,QTo1g9XlR1E
bóng đá,2lmgg8aWQ6c
bóng đá,2NUPOl6kNzE
bóng đá,-HnHiGGV0OI
bóng đá,ff77r8OycIk
bóng đá,6rZNtVMtPWo
bóng đá,6epcsY8L70Q
bóng đá,5RxybHM4AOE
bóng đá,Ecwr1olQIns
bóng đá,QTo1g9XlR1E
bóng đá,2lmgg8aWQ6c
bóng đá,ff77r8OycIk
bóng đá,6rZNtVMtPWo
bóng đá,6epcsY8L70Q
bóng đá,GDrA9Czzm0c
bóng đá,j1pUTBgtZiQ
bóng đá,AzPll4omoRU
bóng đá,5RxybHM4AOE
bóng đá,Ecwr1olQIns
bóng đá,UUqXCSUs4Eo
bóng đá,2lmgg8aWQ6c
bóng đá,2e0OUPKpFeM
bóng đá,ff77r8OycIk
bóng đá,QTo1g9XlR1E
bóng đá,-HnHiGGV0OI
bóng đá,4s-qyBMULH4
bóng đá,6rZNtVMtPWo
bóng đá,5RxybHM4AOE
bóng đá,Ecwr1olQIns
bóng đá,UUqXCSUs4Eo
bóng đá,QTo1g9XlR1E
bóng đá,2lmgg8aWQ6c
bóng đá,-HnHiGGV0OI
bóng đá,ff77r8OycIk
bóng đá,j1pUTBgtZiQ
bóng đá,6rZNtVMtPWo
bóng đá,6epcsY8L70Q
bóng đá,Ecwr1olQIns
bóng đá,5RxybHM4AOE
bóng đá,2e0OUPKpFeM
bóng đá,UUqXCSUs4Eo
bóng đá,6epcsY8L70Q
bóng đá,2lmgg8aWQ6c
bóng đá,QTo1g9XlR1E
bóng đá,j1pUTBgtZiQ
bóng đá,ZHVSuQ9ti_E
bóng đá,ff77r8OycIk
bóng đá,Ecwr1olQIns
bóng đá,5RxybHM4AOE
bóng đá,2e0OUPKpFeM
bóng đá,UUqXCSUs4Eo
bóng đá,6epcsY8L70Q
bóng đá,-HnHiGGV0OI
bóng đá,2lmgg8aWQ6c
bóng đá,j1pUTBgtZiQ
bóng đá,QTo1g9XlR1E
bóng đá,ZHVSuQ9ti_E
bóng đá,5RxybHM4AOE
bóng đá,Ecwr1olQIns
bóng đá,QTo1g9XlR1E
bóng đá,j1pUTBgtZiQ
bóng đá,UUqXCSUs4Eo
bóng đá,2lmgg8aWQ6c
bóng đá,2e0OUPKpFeM
bóng đá,ff77r8OycIk
bóng đá,4s-qyBMULH4
bóng đá,-HnHiGGV0OI
bóng đá,Ecwr1olQIns
bóng đá,5RxybHM4AOE
bóng đá,2e0OUPKpFeM
bóng đá,UUqXCSUs4Eo
bóng đá,6epcsY8L70Q
bóng đá,2lmgg8aWQ6c
bóng đá,j1pUTBgtZiQ
bóng đá,QTo1g9XlR1E
bóng đá,-HnHiGGV0OI
bóng đá,ZHVSuQ9ti_E
bóng đá,Ecwr1olQIns
bóng đá,5RxybHM4AOE
bóng đá,2e0OUPKpFeM
bóng đá,UUqXCSUs4Eo
bóng đá,6epcsY8L70Q
bóng đá,2lmgg8aWQ6c
bóng đá,QTo1g9XlR1E
bóng đá,j1pUTBgtZiQ
bóng đá,ff77r8OycIk
bóng đá,6rZNtVMtPWo
bóng đá,Ecwr1olQIns
bóng đá,2e0OUPKpFeM
bóng đá,UUqXCSUs4Eo
bóng đá,6epcsY8L70Q
bóng đá,2lmgg8aWQ6c
bóng đá,j1pUTBgtZiQ
bóng đá,-HnHiGGV0OI
bóng đá,ZHVSuQ9ti_E
bóng đá,2NUPOl6kNzE
bóng đá,ff77r8OycIk
mộng hoa sim,Da9NpDAtElE
mộng hoa sim,6DRaw1nGCkg
mộng hoa sim,3OeEinNn--E
mộng hoa sim,Io2LT2URZ8Y
mộng hoa sim,NoU2wT0eoas
mộng hoa sim,zxvYQDEpPeI
mộng hoa sim,TfPTY6Q83Bw
mộng hoa sim,Q94-C6UCnqo
mộng hoa sim,UuNo82z1RM8
mộng hoa sim,5eeIdC0ayLw
